iter	Logloss
0	0.6736764867
1	0.6564228042
2	0.6363519177
3	0.6231887927
4	0.6052716063
5	0.5890174755
6	0.5756226653
7	0.5620721939
8	0.54675578
9	0.5362982924
10	0.5220190683
11	0.5104998919
12	0.4985252171
13	0.4885172388
14	0.4775458215
15	0.4656319679
16	0.4544255774
17	0.4448679892
18	0.4352275687
19	0.4243846521
20	0.41605896
21	0.4073355923
22	0.3942916199
23	0.3832249302
24	0.3727534555
25	0.3664542178
26	0.3572806798
27	0.3498458815
28	0.3412392986
29	0.3335093033
